#{"t_start": 1740605805.2949996, "env_id": "HalfCheetah-v5"}
r,l,t
-257.975236,1000,33.597333
-184.836428,1000,64.894638
-44.084895,1000,94.984794
17.857521,1000,124.841209
-168.778519,1000,155.036761
-96.761484,1000,184.557441
28.146537,1000,215.781735
88.149309,1000,245.823159
111.424649,1000,275.534529
99.429264,1000,305.748231
